{
  "center": [
    1.0,
    1.0,
    3.0,
    11.0,
    0.0,
    0.0,
    0.0,
    0.0,
    200.0,
    2.0,
    25904.0,
    11.5,
    5.0,
    1.0,
    114.0,
    5.116091728210449,
    0.0,
    0.0,
    0.0,
    0.1818181872367859,
    0.0,
    0.0,
    0.0,
    0.0,
    0.0,
    0.0,
    0.0,
    0.0,
    0.0,
    0.0,
    0.0,
    0.0,
    0.0,
    0.0,
    0.0
  ],
  "scale": [
    1.0,
    2.0,
    0.8241544365882874,
    8.0,
    6.0,
    1.0,
    1.0,
    1.0,
    101.0,
    1.0,
    23949.5,
    11.0,
    1.0,
    1.0,
    45.0,
    0.3695187568664551,
    1.0,
    1.0,
    1.0,
    0.06043955683708191,
    1.0,
    1.0,
    1.0,
    1.0,
    1.0,
    1.0,
    1.0,
    1.0,
    1.0,
    1.0,
    1.0,
    1.0,
    1.0,
    1.0,
    1.0
  ],
  "n_features": 35
}