{
  "center": [
    1.0,
    1.0,
    3.057476043701172,
    12.0,
    0.0,
    0.0,
    0.0,
    0.0,
    200.0,
    2.0,
    24200.5,
    11.0,
    5.0,
    1.0,
    114.0,
    5.101086616516113,
    0.0,
    0.0,
    0.0,
    0.1818181872367859,
    0.0,
    0.0,
    0.0,
    0.0,
    0.0,
    0.0,
    0.0,
    0.0,
    0.0,
    0.0,
    0.0,
    0.0,
    0.0,
    0.0,
    0.0
  ],
  "scale": [
    1.0,
    2.0,
    0.8333332538604736,
    9.0,
    6.0,
    1.0,
    1.0,
    1.0,
    101.0,
    1.0,
    23285.5,
    11.0,
    1.0,
    1.0,
    45.0,
    0.3695187568664551,
    1.0,
    1.0,
    1.0,
    0.05639098584651947,
    1.0,
    1.0,
    1.0,
    1.0,
    1.0,
    1.0,
    1.0,
    1.0,
    1.0,
    1.0,
    1.0,
    1.0,
    1.0,
    1.0,
    1.0
  ],
  "n_features": 35
}