{
  "center": [
    1.0,
    1.0,
    3.057476043701172,
    12.0,
    0.0,
    0.0,
    0.0,
    0.0,
    200.0,
    2.0,
    23763.5,
    12.0,
    0.0,
    0.0,
    114.0,
    5.101086616516113,
    0.0,
    0.0,
    0.0,
    0.1818181872367859,
    0.0,
    0.0,
    0.0,
    0.0,
    0.0,
    0.0,
    0.0,
    0.0,
    0.0,
    0.0,
    0.0,
    0.0,
    0.0,
    0.0,
    0.0
  ],
  "scale": [
    1.0,
    2.0,
    0.8333332538604736,
    8.75,
    6.0,
    1.0,
    1.0,
    1.0,
    101.0,
    1.0,
    25513.25,
    12.75,
    6.0,
    1.0,
    45.0,
    0.3559107780456543,
    1.0,
    1.0,
    1.0,
    0.05639098584651947,
    1.0,
    1.0,
    1.0,
    1.0,
    1.0,
    1.0,
    1.0,
    1.0,
    1.0,
    1.0,
    1.0,
    1.0,
    1.0,
    1.0,
    1.0
  ],
  "n_features": 35
}